,posted,neighborhood,location,post title,number bedrooms,sqft,URL,price,lat,long,distance_to_CMU,duration_CMU,bus_distance_CMU,distance_to_downtown,duration_downtown,bus_distance_downtown,Coordinates,nearest_shuttle_stop,nearest_restaurants
4,2020-02-23 21:03, (Southside slopes),40.425400;-79.979900,825.00 -WOW 2 bedroom on the slopes,2,1000.0,https://pittsburgh.craigslist.org/apa/d/pittsburgh-wow-2-bedroom-on-the-slopes/7081185559.html,825,40.4254,-79.9799,4878.0,1883.0,525.0,3868.0,1041.0,125.0,POINT (192224311.9448687 -20090708.57127048),"('PTC-Pittsburgh Technology Center', 'PTC', 60.813855206305945)","[(""Piper's Pub"", 2.6413557996540664, 4.5), ('Fat Heads Saloon', 2.7099684955841554, 4.0), ('The Pub Chip Shop', 2.844552739413841, 4.5), ('Carmi Soul Food', 2.8514045549632074, 4.0), ('Primanti Bros', 3.039505090818897, 3.5)]"
8,2020-02-23 20:50, (Oakland),40.437312;-79.954360,Four bedroom Apartment Available August 1st!,4,500.0,https://pittsburgh.craigslist.org/apa/d/pittsburgh-four-bedroom-apartment/7078628083.html,2300,40.437312,-79.95436,2158.0,814.0,682.0,5127.0,1499.0,803.0,POINT (191914870.481474 -19990338.1019975),"('Bigelow Blvd. at Forbess Avenue', 'BS', 4.600258010356194)","[('Mad Mex - Oakland', 0.7528992644081397, 3.5), ('The Original Gyro', 0.764208643064943, 4.0), ('Ocha Thai Noodle', 0.9057609479029439, 4.0), ('Panther House Bar & Grill', 1.106318838364735, 3.0), ('Korea Garden', 1.522416833941906, 3.5)]"
28,2020-02-23 20:26, (Pittsburgh),40.444000;-79.955200,3 BR- 3374 Parkview Ave,3,1540.0,https://pittsburgh.craigslist.org/apa/d/pittsburgh-3-br-parkview-ave/7081169707.html,1100,40.444,-79.9552,1284.0,398.0,234.0,4856.0,1044.0,74.0,POINT (191928632.4943622 -19978404.2797652),"('Bigelow Blvd. at Forbess Avenue', 'BS', 5.610394320176541)","[('Bridges Restaurant', 2.6198702729160006, 2.5), ('Sichuan Gourmet', 3.4044725358869727, 4.0), ('Las Palmas', 3.4481396820662114, 4.5), ('Bangal Kabab House and Restaurant', 3.494970975862204, 4.0), ('Pgh Crepes', 3.5247001955981627, 3.5)]"
35,2020-02-23 20:00, (Highland Park),40.474268;-79.925473,Accepting Apps for Summer Now! Modern 2BR w/Utilities Included,2,900.0,https://pittsburgh.craigslist.org/apa/d/pittsburgh-accepting-apps-for-summer/7081158218.html,1325,40.474268,-79.925473,5000.0,1542.0,536.0,9652.0,2030.0,19.0,POINT (191578354.7382874 -19826872.7615149),"('Centre Avenue at Trade Street', 'AB', 10.513774321318515)","[('KaFair Cafe', 7.5615008123385685, 5.0), (""Wallace's Whiskey Room + Kitchen"", 8.455628513010629, 3.0), ('MR Bulgogi', 8.500314490359314, 4.5), ('honeygrow', 9.290891323919725, 4.0), ('Bird On The Run', 9.447994621036498, 4.5)]"
45,2020-02-23 19:33, (Shadyside / S. Aiken Ave @ Centre Ave),40.455626;-79.938154,★Available May 1--Near Campus--AC--ALL Utilities Included!★,1,720.0,https://pittsburgh.craigslist.org/apa/d/pittsburgh-available-may-1-near-campus/7081092434.html,1260,40.455626,-79.938154,2151.0,1257.0,66.0,6393.0,1359.0,66.0,POINT (191724657.6624874 -19903744.76160999),"('Centre Avenue at South Aiken Avenue', 'A', 1.7441278513504588)","[('BFG Café', 6.541088706240581, 4.0), ('Selamis Turkish Kebab House', 6.690457440980295, 4.5), ('Nak Won Garden', 7.105895691488726, 3.5), ('Spork Pit', 8.808274436986828, 3.5), ('Friendship Perk and Brew', 10.588769042746728, 4.5)]"
47,2020-02-23 17:08, (Shadyside / S. Aiken Ave @ Centre Ave),40.455479;-79.938122,★Available June 1--Pet Friendly--AC--ALL Utilities Included!★,1,720.0,https://pittsburgh.craigslist.org/apa/d/pittsburgh-available-june-1-pet/7081010854.html,1260,40.455479,-79.93812199999999,2167.0,1268.0,82.0,6409.0,1370.0,82.0,POINT (191724189.4672168 -19903967.54339289),"('Centre Avenue at South Aiken Avenue', 'A', 1.8778340784304624)","[('Selamis Turkish Kebab House', 6.581425924564085, 4.5), ('BFG Café', 6.593483402702531, 4.0), ('Nak Won Garden', 6.992814935949764, 3.5), ('Spork Pit', 8.792800137744374, 3.5), ('Friendship Perk and Brew', 10.741642693123836, 4.5)]"
49,2020-02-23 16:10, (Shadyside / S. Aiken Ave @ Centre Ave),40.455609;-79.938101,★Available NOW--ALL Utilities Included!--Shopping Nearby--AC★,1,720.0,https://pittsburgh.craigslist.org/apa/d/pittsburgh-available-now-all-utilities/7080964033.html,1365,40.455609,-79.938101,2154.0,1259.0,69.0,6396.0,1361.0,69.0,POINT (191723997.3276178 -19903627.12769391),"('Centre Avenue at South Aiken Avenue', 'A', 1.9484581839961082)","[('BFG Café', 6.484824845797273, 4.0), ('Selamis Turkish Kebab House', 6.489441096168825, 4.5), ('Nak Won Garden', 6.903671440462212, 3.5), ('Spork Pit', 8.673677473187471, 3.5), ('Friendship Perk and Brew', 10.780187674217162, 4.5)]"
51,2020-02-23 14:40, (Shadyside / S. Aiken Ave @ Centre Ave),40.455764;-79.938251,★Available NOW--Near Shopping--AC--Heat Included!--Pet Friendly★,1,720.0,https://pittsburgh.craigslist.org/apa/d/pittsburgh-available-now-near-shopping/7080962658.html,1260,40.455764,-79.938251,2133.0,1245.0,48.0,6375.0,1347.0,48.0,POINT (191725920.5444352 -19903730.38555795),"('Centre Avenue at South Aiken Avenue', 'A', 1.3649535440663205)","[('BFG Café', 6.5930111999511025, 4.0), ('Selamis Turkish Kebab House', 7.05098198094685, 4.5), ('Nak Won Garden', 7.47077536280214, 3.5), ('Spork Pit', 9.012160500770188, 3.5), ('Friendship Perk and Brew', 10.209883593949398, 4.5)]"
53,2020-02-23 16:15, (Shadyside / S. Aiken Ave @ Centre Ave),40.455617;-79.938111,★ALL Utilities Included!--Pet Friendly--AC--HW Floors--Avail August 1★,1,720.0,https://pittsburgh.craigslist.org/apa/d/pittsburgh-all-utilities-included-pet/7080961846.html,1365,40.455617,-79.93811099999999,2153.0,1259.0,68.0,6395.0,1361.0,68.0,POINT (191724124.3546265 -19903639.02508711),"('Centre Avenue at South Aiken Avenue', 'A', 1.9096247210038386)","[('BFG Café', 6.491929438448566, 4.0), ('Selamis Turkish Kebab House', 6.526938181953765, 4.5), ('Nak Won Garden', 6.9415192106375265, 3.5), ('Spork Pit', 8.69654762951238, 3.5), ('Friendship Perk and Brew', 10.742741093232745, 4.5)]"
55,2020-02-23 15:32, (Shadyside / S. Aiken Ave @ Centre Ave),40.455462;-79.938090,★Available August 1--Shopping Nearby--AC--ALL Utils Incld!--HW Floors★,1,720.0,https://pittsburgh.craigslist.org/apa/d/pittsburgh-available-august-1-shopping/7080961107.html,1260,40.455462,-79.93809,2167.0,1268.0,82.0,6409.0,1370.0,82.0,POINT (191723787.3521791 -19903910.99216557),"('Centre Avenue at South Aiken Avenue', 'A', 2.0014903583595665)","[('Selamis Turkish Kebab House', 6.461099233245853, 4.5), ('BFG Café', 6.565817619433308, 4.0), ('Nak Won Garden', 6.871491472877028, 3.5), ('Spork Pit', 8.716189138753085, 3.5), ('Friendship Perk and Brew', 10.858833969229886, 4.5)]"
57,2020-02-23 14:15, (Shadyside / S. Aiken Ave @ Centre Ave),40.455470;-79.938101,★Available NOW--All Utilities Included!--AC--HW Floors--Pet Friendly★,1,720.0,https://pittsburgh.craigslist.org/apa/d/pittsburgh-available-now-all-utilities/7075366496.html,1260,40.45547,-79.938101,2167.0,1268.0,82.0,6409.0,1370.0,82.0,POINT (191723926.6749974 -19903925.79845628),"('Centre Avenue at South Aiken Avenue', 'A', 1.9587869685156705)","[('Selamis Turkish Kebab House', 6.502237966253279, 4.5), ('BFG Café', 6.573698375170169, 4.0), ('Nak Won Garden', 6.9130314873021295, 3.5), ('Spork Pit', 8.74134868934774, 3.5), ('Friendship Perk and Brew', 10.817942004828751, 4.5)]"
59,2020-02-23 14:16, (Shadyside / S. Aiken Ave @ Centre Ave),40.455740;-79.938186,★ALL Utils Incld--Available August 1--Near Shopping--AC--Pet Friendly★,1,720.0,https://pittsburgh.craigslist.org/apa/d/pittsburgh-all-utils-incld-available/7073480926.html,1260,40.455740000000006,-79.938186,2138.0,1248.0,53.0,6380.0,1350.0,53.0,POINT (191725109.0860356 -19903592.88675795),"('Centre Avenue at South Aiken Avenue', 'A', 1.615780750350426)","[('BFG Café', 6.512806724434608, 4.0), ('Selamis Turkish Kebab House', 6.8038383388575845, 4.5), ('Nak Won Garden', 7.222341848128505, 3.5), ('Spork Pit', 8.84202000744268, 3.5), ('Friendship Perk and Brew', 10.445009040061697, 4.5)]"
61,2020-02-23 14:16, (Shadyside / Shady Ave @ Ellsworth Ave),40.458850;-79.922372,★Available NOW--Near Shopping--AC--Heat Included!--Pet Friendly★,1,485.0,https://pittsburgh.craigslist.org/apa/d/pittsburgh-available-now-near-shopping/7069607207.html,860,40.45885,-79.922372,3515.0,1202.0,123.0,8624.0,1690.0,222.0,POINT (191532486.0843212 -19850977.80488496),"('Shady Avenue at Alder Street', 'AB', 1.4428422188924381)","[('Choolaah', 4.290619474516975, 4.5), ('Two Sisters', 6.683789943699345, 4.5), ('Mola', 7.240367190654404, 4.0), ('Paris 66', 7.32993782996782, 3.5), (""Kelly's Bar & Lounge"", 8.160298585471317, 3.5)]"
72,2020-02-23 19:08, (Regent Square - East Busway - Frick Park),40.443959;-79.892492,"All Utilities Included, Pet Friendly, Classic One Bedroom, Aug 1st",1,695.0,https://pittsburgh.craigslist.org/apa/d/pittsburgh-all-utilities-included-pet/7070177509.html,923,40.443959,-79.892492,5317.0,1076.0,317.0,11176.0,2165.0,317.0,POINT (191159359.4687173 -19796414.06930122),"('Bakery Square (Google)', 'BS', 87.16445472052082)","[('The Dream BBQ', 7.908305842915608, 4.5), ('Square Cafe', 8.485781408456845, 4.0), ('El Burro', 8.836002616961721, 3.5), ('Istanbul Grille', 8.943116669753696, 4.5), ('Thai Cottage', 8.984424548935971, 4.0)]"
74,2020-02-23 17:24, (Regent Square - Frick Park),40.443942;-79.892449,"All Utilities Included, Dog Friendly, Yard, Classic Charm, Aug 1st",1,680.0,https://pittsburgh.craigslist.org/apa/d/pittsburgh-all-utilities-included-dog/7067953240.html,880,40.443942,-79.892449,5316.0,1075.0,316.0,11175.0,2164.0,316.0,POINT (191158826.0482092 -19796326.27082124),"('Bakery Square (Google)', 'BS', 87.32918054160476)","[('The Dream BBQ', 7.8134103237823425, 4.5), ('Square Cafe', 8.534103919578117, 4.0), ('El Burro', 8.909882710377119, 3.5), ('Istanbul Grille', 9.024573762680808, 4.5), ('Thai Cottage', 9.062342558416365, 4.0)]"
81,2020-02-23 19:00, (Regent Square - Frick Park),40.442293;-79.889960,"One Bedroom, Nice Neighborhood, Near Parks & Shops, Aug 1",1,620.0,https://pittsburgh.craigslist.org/apa/d/pittsburgh-one-bedroom-nice/7066432327.html,744,40.442293,-79.88996,5401.0,1029.0,268.0,11261.0,2118.0,268.0,POINT (191127618.8397958 -19792669.65289476),"('Bakery Square (Google)', 'BS', 96.90406992242559)","[('The Dream BBQ', 8.570046969685722, 4.5), (""Applebee's Grill + Bar"", 11.451159830279499, 3.0), ('Rudy Martino Original House of Submarines', 14.145211755832133, 4.5), ('Square Cafe', 14.374813149344604, 4.0), (""Nancy's Revival"", 14.393164501887645, 4.5)]"
83,2020-02-23 19:00, (Pittsburgh Area),40.474571;-80.066922,Sell Your House Fast – No Commissions – Real Estate Alternative,3,1500.0,https://pittsburgh.craigslist.org/reo/d/pittsburgh-sell-your-house-fast-no/7064222664.html,34900,40.474571000000005,-80.06692199999999,41166.0,4855.0,747.0,8678.0,1872.0,1009.0,POINT (193334544.1814668 -20241224.91738717),"('PTC-Pittsburgh Technology Center', 'PTC', 401.4941015138754)","[('Mia Madre Trattoria', 18.08404902275341, 4.0), ('Pittsburgh Sandwich Society', 26.890214864691004, 4.5), (""Sarafino's Pasta and Pizza"", 27.012503569634845, 4.0), ('Pierogies Plus', 27.594834988712854, 4.5), ('The Original BSB’s - Avalon', 28.27525176240033, 4.5)]"
172,2020-02-23 18:52, (Robinson Township),40.440742;-80.138268,"2 Bedroom, 2 Bath, Well Maintained Condo",2,1026.0,https://pittsburgh.craigslist.org/apa/d/pittsburgh-2-bedroom-2-bath-well/7081125922.html,1200,40.440742,-80.13826800000001,31800.0,4552.0,1846.0,25061.0,3716.0,1846.0,POINT (194218524.5012711 -20527899.88297492),"('PTC-Pittsburgh Technology Center', 'PTC', 682.8264622519827)","[('Primanti Bros', 151.71910990441773, 3.5), (""Sunny Jim's Tavern"", 183.7873721088377, 3.5), ('Wild Rosemary', 186.4855771740394, 4.0), ('Sapporo Japanese Steakhouse', 187.76579683031716, 4.0), ('Leogreta', 188.22769822419295, 4.0)]"
204,2020-02-23 18:50, (FORWARD TOWNSHIP),40.201677;-79.915366,2 BEDROOM HOUSE,2,1100.0,https://pittsburgh.craigslist.org/apa/d/monongahela-2-bedroom-house/7081125379.html,650,40.201677000000004,-79.915366,38140.0,6778.0,2394.0,33110.0,5941.0,2394.0,POINT (191315299.4731757 -20382258.19564195),"('Beacon Street at Shady Avenue', 'BS', 157.5774293235209)","[('Porked', 113.5901990754442, 5.0), ('LongHorn Steakhouse', 136.72204660619144, 3.0), ('Eighth & Hays', 137.0834773191394, 4.5), (""Duke's Upper Deck Cafe"", 137.24245249312708, 4.0), ('BRAVO! Cucina Italiana', 138.00503719700808, 3.5)]"
213,2020-02-23 18:39," (highland Park, 15206)",40.472300;-79.913200,Stunning One- Bedroom--Prime Location!!!,1,900.0,https://pittsburgh.craigslist.org/apa/d/pittsburgh-stunning-one-bedroom-prime/7079483560.html,1000,40.4723,-79.9132,5096.0,1569.0,632.0,10597.0,2424.0,632.0,POINT (191426900.8025528 -19795537.08837642),"('Bakery Square (Google)', 'BS', 13.226579172238615)","[('Caribbean Vybz', 8.303910389997696, 5.0), ('Mama Rose', 9.84581900670479, 4.5), ('Larder of East End', 10.271161615173982, 4.5), ('Point Brugge Café', 15.170235541730863, 4.5), (""Cc's Cafe"", 15.253125434500154, 3.5)]"
227,2020-02-23 18:39," (highland Park, 15206)",40.472300;-79.913200,Stunning Two- Bedroom--Prime Location!!!,2,1050.0,https://pittsburgh.craigslist.org/apa/d/pittsburgh-stunning-two-bedroom-prime/7079483660.html,1050,40.4723,-79.9132,5096.0,1569.0,632.0,10597.0,2424.0,632.0,POINT (191426900.8025528 -19795537.08837642),"('Bakery Square (Google)', 'BS', 13.226579172238615)","[('Caribbean Vybz', 8.303910389997696, 5.0), ('Mama Rose', 9.84581900670479, 4.5), ('Larder of East End', 10.271161615173982, 4.5), ('Point Brugge Café', 15.170235541730863, 4.5), (""Cc's Cafe"", 15.253125434500154, 3.5)]"
244,2020-02-23 18:30, (Squirrel Hill / Murry Ave @ Forward Ave),40.428549;-79.924164,★Available NOW--AC--Hardwood Floors--Closet Space--Heat Incld!★,1,770.0,https://pittsburgh.craigslist.org/apa/d/pittsburgh-available-now-ac-hardwood/7081095157.html,1295,40.428549,-79.924164,3463.0,780.0,62.0,9322.0,1869.0,62.0,POINT (191539070.9849971 -19921224.08797101),"('Beacon Street at Murray Avenue', 'BS', 5.554485992900438)","[('New Dumpling And Sushi House', 4.0942166093239045, 3.5), ('Tan Lac Vien', 4.70237149522346, 4.0), (""Mineo's Pizza House"", 4.703279667816005, 3.5), (""Aiello's Pizza"", 4.757894345253043, 4.0), ('Milky Way', 4.898024149208487, 3.5)]"
248,2020-02-23 18:26, (Regent  Square - Frick Park),40.443126;-79.889681,"All Utilities Included, Easy Access to Oakland & Downtown, Aug 1st",1,685.0,https://pittsburgh.craigslist.org/apa/d/pittsburgh-all-utilities-included-easy/7067945971.html,1015,40.443126,-79.88968100000001,5481.0,1093.0,348.0,11341.0,2182.0,348.0,POINT (191124637.564671 -19790079.74370996),"('Bakery Square (Google)', 'BS', 97.91408427516572)","[('The Dream BBQ', 8.758811621773118, 4.5), (""Applebee's Grill + Bar"", 11.659790873250774, 3.0), (""Nancy's Revival"", 13.343366619895127, 4.5), ('Rudy Martino Original House of Submarines', 14.818194107684459, 4.5), ('Square Cafe', 15.578423312200204, 4.0)]"
283,2020-02-23 18:11, (Regent Square - Frick Park),40.439562;-79.885433,"Classic Apartment, Parking, Pet Friendly, Big Rooms",1,905.0,https://pittsburgh.craigslist.org/apa/d/pittsburgh-classic-apartment-parking/7078283843.html,850,40.439562,-79.88543299999999,5746.0,1191.0,298.0,13114.0,1791.0,589.0,POINT (191071027.0321742 -19785449.17388592),"('Bakery Square (Google)', 'BS', 114.2923750281951)","[('Soul Food Connection', 2.074035453136871, 4.5), (""Nancy's Revival"", 3.3728531255408543, 4.5), ('Thai Terrace', 7.980399978477828, 4.5), ('Crabs R Us', 9.812382163515037, 3.5), ('Fireside Caribbean Restaurant', 12.43338325666478, 4.0)]"
287,2020-02-23 18:06, (248 S. Atlantic (Friendship/Shadyside/Bloomfield)),40.462884;-79.938822,"August,Split Level 4br/2bath, Wash/Dry, Updated!",4,2000.0,https://pittsburgh.craigslist.org/apa/d/pittsburgh-augustsplit-level-4br-2bath/7081098813.html,2560,40.462884,-79.938822,4635.0,1944.0,665.0,6940.0,1367.0,206.0,POINT (191736560.6497882 -19890091.67408354),"('Centre Avenue at South Aiken Avenue', 'A', 4.800672754960843)","[('BFG Café', 4.976799947955748, 4.0), ('Friendship Perk and Brew', 7.127725190443065, 4.5), ('Spork Pit', 8.892616135002244, 3.5), (""People's Indian Restaurant"", 9.341322903693774, 4.0), ('Selamis Turkish Kebab House', 10.064172223428159, 4.5)]"
295,2020-02-23 18:05, (Penn Hills),40.459800;-79.822400,Verona 3 Bdr/1 Ba House RENT-2-OWN! EZ QUAL!!,3,1320.0,https://pittsburgh.craigslist.org/apa/d/pittsburgh-verona-3-bdr-1-ba-house-rent/7066501880.html,1095,40.4598,-79.8224,14173.0,3606.0,832.0,19589.0,4073.0,832.0,POINT (190316742.0363527 -19561293.84888916),"('Bakery Square (Google)', 'BS', 353.22261083656593)","[(""hanadi's"", 103.08950414239688, 5.0), ('Roman Bistro', 108.9273284881028, 3.5), ('Starlite Lounge', 145.41886133865574, 3.5), ('Maenam Thai Restaurant', 149.43206903233664, 5.0), ('Superior Motors', 150.1438383751904, 4.0)]"
303,2020-02-23 18:05, (Regent  Square - Frick Park),40.439027;-79.893265,"Two-Floor Split-Level, Pet Friendly, Great Neighborhood, Aug 1st",1,876.0,https://pittsburgh.craigslist.org/apa/d/pittsburgh-two-floor-split-level-pet/7067744597.html,1009,40.439027,-79.893265,4888.0,935.0,199.0,10747.0,2024.0,199.0,POINT (191166292.9724283 -19809213.61391257),"('Bakery Square (Google)', 'BS', 84.60682902683355)","[('El Burro', 4.578339729456399, 3.5), ('Istanbul Grille', 4.604620829793983, 4.5), ('Square Cafe', 4.639187114409183, 4.0), ('Thai Cottage', 4.679601982076698, 4.0), (""D's Six Pax & Dogz"", 4.8743184672560735, 4.0)]"
305,2020-02-23 18:04, (Penn Hills),40.460674;-79.860271,"RENT-2-OWN Home in Penn Hills! 3-4 BR, Minor Fixer Upper! EZ Qual!",3,1320.0,https://pittsburgh.craigslist.org/apa/d/pittsburgh-rent-2-own-home-in-penn/7078908128.html,995,40.460674,-79.860271,15880.0,3411.0,676.0,20122.0,3513.0,676.0,POINT (190775593.041731 -19667841.7286803),"('Bakery Square (Google)', 'BS', 209.65886270907365)","[('Starlite Lounge', 22.296011392717894, 3.5), ('Maenam Thai Restaurant', 22.38853224300081, 5.0), (""Nox's Tavern and Grille"", 23.097201532434983, 4.5), ('Steel Towne Inn', 37.08975207776498, 4.5), ('Superior Motors', 42.13291570286099, 4.0)]"
307,2020-02-23 18:04, (McKees Rocks),40.471700;-80.087600,McKees Rocks RENT-2-OWN! Own Ur Own Home! EZ Qual,2,924.0,https://pittsburgh.craigslist.org/apa/d/mc-kees-rocks-mckees-rocks-rent-2-own/7071400329.html,695,40.4717,-80.0876,38753.0,5041.0,1259.0,32014.0,4205.0,1259.0,POINT (193593225.2101745 -20308936.5356444),"('PTC-Pittsburgh Technology Center', 'PTC', 482.6942389657156)","[('Fireside Inn', 22.45888309715909, 3.5), ('Sapporo Japanese Steakhouse', 25.198466374997903, 4.0), ('Tap Club', 38.626082369203836, 5.0), (""Sunny Jim's Tavern"", 39.554726943393334, 3.5), ('Cafe Delhi', 43.27479457838765, 4.0)]"
309,2020-02-23 18:04, (Pittsburgh),40.371870;-79.911360,"Lincoln Place RENT-2-OWN! Minor Fixer, But LOW Down, EZ Qual",2,840.0,https://pittsburgh.craigslist.org/apa/d/west-mifflin-lincoln-place-rent-2-own/7071389046.html,895,40.37187,-79.91136,13541.0,3042.0,381.0,13427.0,1962.0,381.0,POINT (191353328.9396509 -20005614.35269955),"('Beacon Street at Shady Avenue', 'BS', 51.95741831192926)","[('Porked', 5.3211728084325465, 5.0), (""Duke's Upper Deck Cafe"", 22.964906207266402, 4.0), ('Eighth & Hays', 23.031402458174732, 4.5), ('Hook Fish and Chicken', 24.07736573064472, 5.0), (""Honest John's Bar & Restaurant"", 24.227805322873674, 4.5)]"
311,2020-02-23 18:03, (Pittsburgh),40.383880;-79.990840,Rent to Own on the Edge Of Brentwood. Minutes from the City!!,2,828.0,https://pittsburgh.craigslist.org/apa/d/pittsburgh-rent-to-own-on-the-edge-of/7063894989.html,795,40.38388,-79.99084,13472.0,3314.0,509.0,8123.0,1633.0,509.0,POINT (192338635.7748377 -20212331.66333153),"('PTC-Pittsburgh Technology Center', 'PTC', 108.19412453970966)","[('Nepali Asian Restaurant', 15.192411793368306, 5.0), ('Union Pie Co', 15.73821570232849, 4.5), ('Vocelli Pizza', 18.05724610649928, 4.5), ('Maietta Restaurant', 26.283861943353735, 3.5), (""Leon's Caribbean Restaurant"", 26.845999575612613, 4.5)]"
348,2020-02-23 17:51, (Oakland),40.437495;-79.952523,One Bedroom Available 08/01,1,415.0,https://pittsburgh.craigslist.org/apa/d/pittsburgh-one-bedroom-available-08-01/7078610528.html,845,40.437495,-79.952523,2144.0,801.0,668.0,5112.0,1486.0,788.0,POINT (191892320.2529563 -19984583.14872351),"('Bigelow Blvd. at Forbess Avenue', 'BS', 6.108254357609334)","[(""Frenchi's Deli & Market"", 0.46517357440177537, 4.5), ('Beta Bites', 3.2853440241851652, 4.0), ('Mesa', 3.684096857238361, 4.0), ('Asia Tea House', 3.6966896546603243, 3.0), ('The Porch at Schenley', 4.305648126444156, 3.5)]"
351,2020-02-23 17:45, (Regent Square - East Busway - Frick Park),40.439696;-79.888737,"Superb Apartment Walk to Regent Square Shops, Free Parking, Aug 1",1,630.0,https://pittsburgh.craigslist.org/apa/d/pittsburgh-superb-apartment-walk-to/7078280759.html,744,40.439696000000005,-79.888737,5479.0,1063.0,187.0,13126.0,1846.0,601.0,POINT (191111383.4334455 -19794700.38440647),"('Bakery Square (Google)', 'BS', 101.73023600186153)","[(""Applebee's Grill + Bar"", 8.996767373528302, 3.0), (""Nancy's Revival"", 9.856172955505503, 4.5), ('Soul Food Connection', 12.419677019787743, 4.5), ('GoodFellas Restaurant & Tavern', 12.739688675817249, 4.5), ('The Dream BBQ', 12.912928793530954, 4.5)]"
353,2020-02-23 18:36, (Regent Square - Near Frick Park & Shops),40.439549;-79.888780,"Tree Lined Street, Bright and Comfortable One Bedroom, Aug 1st",1,631.0,https://pittsburgh.craigslist.org/apa/d/pittsburgh-tree-lined-street-bright-and/7067728181.html,762,40.439549,-79.88878000000001,5522.0,1100.0,230.0,13075.0,1812.0,550.0,POINT (191111833.3734936 -19795139.39420281),"('Bakery Square (Google)', 'BS', 101.57765652162509)","[(""Applebee's Grill + Bar"", 8.888145562013545, 3.0), (""Nancy's Revival"", 10.03476754890099, 4.5), ('Soul Food Connection', 12.597627450562483, 4.5), ('GoodFellas Restaurant & Tavern', 12.721486955573658, 4.5), ('The Dream BBQ', 12.864226012740403, 4.5)]"
355,2020-02-23 17:42," (Ocean City, MD - 12th & Boardwalk)",38.341999;-75.079440,Enjoy the View - Direct Ocean Front on OC Boardwalk!,1,550.0,https://pittsburgh.craigslist.org/vac/d/ocean-city-enjoy-the-view-direct-ocean/7073893493.html,0,38.341999,-75.07944,844535.0,66302.0,362.0,839672.0,64749.0,362.0,POINT (147767121.7893574 -13211812.15717206),"('Bakery Square (Google)', 'BS', 13464.522063478484)","[('Cousins Maine Lobster - Pittsburgh', 12969.090128274316, 4.0), (""hanadi's"", 13209.358750618045, 5.0), ('Roman Bistro', 13215.66412522183, 3.5), ('Superior Motors', 13253.11951796781, 4.0), ('Starlite Lounge', 13257.755081104828, 3.5)]"
361,2020-02-23 17:36, (Spring Hill City View / Northside),40.462234;-79.994061,"Updated 3 Bed, 1 Bath - Close to Everything with Million Dollar Views",3,1100.0,https://pittsburgh.craigslist.org/apa/d/pittsburgh-updated-3-bed-1-bath-close/7064351943.html,1250,40.462234,-79.994061,9641.0,2991.0,1010.0,3903.0,1873.0,1561.0,POINT (192418621.4754524 -20052858.11142398),"('PTC-Pittsburgh Technology Center', 'PTC', 117.3126438150098)","[('Kaffeehaus', 5.70069877149408, 4.5), ('Penn Brewery', 10.525641653417614, 3.5), ('Eleven', 11.396063942560186, 4.0), ('Riviera Pizza & Pasta', 11.598200040426233, 3.5), ('CobblerWorld', 11.797337503958898, 5.0)]"
386,2020-02-23 17:15, (Pittsburgh),40.459800;-79.822400,"✪Beautiful (2) bedroom, (1) bathroom condo home.COMPLETELY UPDATED✪",2,1350.0,https://pittsburgh.craigslist.org/apa/d/pittsburgh-beautiful-2-bedroom-1/7081029561.html,650,40.4598,-79.8224,14173.0,3606.0,832.0,19589.0,4073.0,832.0,POINT (190316742.0363527 -19561293.84888916),"('Bakery Square (Google)', 'BS', 353.22261083656593)","[(""hanadi's"", 103.08950414239688, 5.0), ('Roman Bistro', 108.9273284881028, 3.5), ('Starlite Lounge', 145.41886133865574, 3.5), ('Maenam Thai Restaurant', 149.43206903233664, 5.0), ('Superior Motors', 150.1438383751904, 4.0)]"
394,2020-02-23 17:15, (Regent Square - Frick Park),40.442718;-79.892814,"Nice One Bedroom, Pet Friendly, Wood Floors, Park Community, Aug 1",1,580.0,https://pittsburgh.craigslist.org/apa/d/pittsburgh-nice-one-bedroom-pet/7078214753.html,915,40.442718,-79.892814,5184.0,978.0,184.0,11043.0,2067.0,184.0,POINT (191162660.1709209 -19800002.95221852),"('Bakery Square (Google)', 'BS', 86.02184396017951)","[('Square Cafe', 7.325626617062808, 4.0), ('El Burro', 7.525664500350148, 3.5), ('Istanbul Grille', 7.594713959691456, 4.5), ('Thai Cottage', 7.653037054189898, 4.0), (""D's Six Pax & Dogz"", 7.802590631543334, 4.0)]"
402,2020-02-23 17:12," (Pittsburgh, PA)",40.471605;-79.964024,The Foundry at 41st is bravely setting new standards for apartment,2,1233.0,https://pittsburgh.craigslist.org/sub/d/pittsburgh-the-foundry-at-41st-is/7078841597.html,1500,40.471605,-79.964024,6636.0,2096.0,506.0,5456.0,1219.0,337.0,POINT (192051565.0302324 -19944760.02371744),"('PTC-Pittsburgh Technology Center', 'PTC', 26.31024857691953)","[('Coca Cafe', 3.042068083772523, 3.0), ('Franktuary', 3.0727001064557697, 3.5), ('Umami', 3.408119089697741, 4.5), ('Piccolo Forno', 3.4428643338073144, 4.0), ('Pastitsio', 3.469334227567151, 4.0)]"
404,2020-02-23 17:08, (Pittsburgh),40.459800;-79.822400,!!*-*-* THREE BEDROOM TWO BATH HOUSE*-*-*!!,2,990.0,https://pittsburgh.craigslist.org/apa/d/pittsburgh-three-bedroom-two-bath-house/7081029565.html,740,40.4598,-79.8224,14173.0,3606.0,832.0,19589.0,4073.0,832.0,POINT (190316742.0363527 -19561293.84888916),"('Bakery Square (Google)', 'BS', 353.22261083656593)","[(""hanadi's"", 103.08950414239688, 5.0), ('Roman Bistro', 108.9273284881028, 3.5), ('Starlite Lounge', 145.41886133865574, 3.5), ('Maenam Thai Restaurant', 149.43206903233664, 5.0), ('Superior Motors', 150.1438383751904, 4.0)]"
414,2020-02-23 16:59, (15210),40.406000;-79.984000,Discounted Fixer Upper (12 Mins from Downtown),3,2369.0,https://pittsburgh.craigslist.org/reo/d/pittsburgh-discounted-fixer-upper-12/7081063751.html,35750,40.406,-79.984,8905.0,2392.0,837.0,7296.0,2091.0,837.0,POINT (192265175.3709306 -20144542.44143416),"('PTC-Pittsburgh Technology Center', 'PTC', 78.59896743283566)","[('Maietta Restaurant', 13.15421263816498, 3.5), ('Union Pie Co', 14.731329891082156, 4.5), (""Big Shot Bob's House of Wings - South Side"", 15.307503190774394, 4.0), (""Sal's New York Pizzeria"", 15.343764048102958, 3.5), (""O'Leary's"", 15.370237475335568, 4.0)]"
433,2020-02-23 16:48, (Regent Square - East Busway - Frick Park),40.443273;-79.890196,"Complete Townhouse for Rent in Regent Square, Pet Friendly, Aug 1st",2,1207.0,https://pittsburgh.craigslist.org/apa/d/pittsburgh-complete-townhouse-for-rent/7062459924.html,939,40.443273,-79.890196,5435.0,1062.0,302.0,11295.0,2151.0,302.0,POINT (191130994.8960384 -19791252.04231961),"('Bakery Square (Google)', 'BS', 95.9452226069573)","[('The Dream BBQ', 7.540117698058717, 4.5), (""Applebee's Grill + Bar"", 12.399432176605202, 3.0), ('Square Cafe', 13.930211204432563, 4.0), ('Rudy Martino Original House of Submarines', 14.763255522117417, 4.5), ('El Burro', 15.037002725297526, 3.5)]"
437,2020-02-23 16:39, (Regent Square - Frick Park),40.442603;-79.892793,"Stylish Townhouse, Yard, Wood Floor, Pet Friendly, Aug 1",2,936.0,https://pittsburgh.craigslist.org/apa/d/pittsburgh-stylish-townhouse-yard-wood/7067083519.html,994,40.442603000000005,-79.89279300000001,5171.0,969.0,171.0,11030.0,2058.0,171.0,POINT (191162345.5415688 -19800188.65124663),"('Bakery Square (Google)', 'BS', 86.10976748595704)","[('Square Cafe', 7.270370902211127, 4.0), ('El Burro', 7.490774109792377, 3.5), ('Istanbul Grille', 7.566520075397631, 4.5), ('Thai Cottage', 7.621780570276901, 4.0), (""D's Six Pax & Dogz"", 7.765160556531871, 4.0)]"
443,2020-02-23 16:09, (347 S. Fairmount St(Friendship/Shadyside)),40.460429;-79.934742,"AUGUST, ALL UTILS INCLUDED,Top Converted Victorian House Charm!",1,590.0,https://pittsburgh.craigslist.org/apa/d/pittsburgh-august-all-utils-includedtop/7073611063.html,1079,40.460429,-79.934742,3550.0,1656.0,929.0,8282.0,1897.0,257.0,POINT (191685155.3302585 -19883504.85889426),"('Centre Avenue at South Negley Avenue', 'A', 2.3559410171535635)","[('Spork', 3.64331801237468, 4.0), ('Szechuan Spice', 5.444013565721513, 4.0), ('I Tea Cafe', 5.896430978776132, 3.0), ('Girasole Restaurant', 6.220781546564971, 4.0), ('Fig & Waffle Cafe Bistro', 6.284623420840712, 3.5)]"
445,2020-02-23 16:08, (5703 Hobart Street(SQUIRREL HILL) Just off Murray),40.433287;-79.925055,"AUGUST,Convenient to CMU, RECENT Renovation, AC, Granite Kitchen",1,650.0,https://pittsburgh.craigslist.org/apa/d/pittsburgh-augustconvenient-to-cmu/7065777209.html,1189,40.433287,-79.925055,2976.0,766.0,328.0,8836.0,1855.0,328.0,POINT (191552410.9908078 -19913642.07709872),"('Beacon Street at Murray Avenue', 'BS', 7.268801027538952)","[('Chef Rabbi', 6.334365927736299, 5.0), ('New Dumpling And Sushi House', 6.490700775323696, 3.5), ('Tan Lac Vien', 6.935999708565228, 4.0), (""Aiello's Pizza"", 6.974196187536605, 4.0), ('Frankie Bunz', 7.122043833458553, 4.0)]"
447,2020-02-23 16:08, (732 & 734 S. Millvale Avenue @ Baum Blvd (NORTH OAKLAND)),40.455160;-79.947712,"AUGUST,Less than 1 mile Pitt/CMU,Hardwood Lam,New Kitchen",3,990.0,https://pittsburgh.craigslist.org/apa/d/pittsburgh-augustless-than-1-mile-pitt/7073405540.html,1699,40.45516,-79.947712,1482.0,1182.0,1482.0,5751.0,1313.0,228.0,POINT (191842039.136457 -19932570.0238902),"('Centre Avenue at Devonshire Street', 'AB', 4.32477170683447)","[('Emiliano’s Mexican Restaurant & Bar', 1.7308457340587342, 3.5), (""Khalil's II"", 2.990185309375872, 4.5), ('Pad Thai Noodle', 3.7764407063430867, 4.5), (""Angelo's Pizzeria"", 3.8198189829652875, 4.0), (""Lombardozzi's Restaurant"", 3.8372583337998587, 3.0)]"
449,2020-02-23 16:08, (5634 Stanton Avenue(East Liberty/Highland Park)),40.471235;-79.925173,"AUGUST,Recent Renovation,AC, Dishwasher,Easy Access Oakland on Bus",2,855.0,https://pittsburgh.craigslist.org/apa/d/pittsburgh-augustrecent-renovationac/7067071905.html,1249,40.471235,-79.925173,6129.0,1602.0,38.0,9455.0,2031.0,116.0,POINT (191573134.3255067 -19832514.62928797),"('Centre Avenue at Annie Place', 'B', 8.689111479880298)","[(""Wallace's Whiskey Room + Kitchen"", 6.18566326078187, 3.0), ('honeygrow', 7.003481415807054, 4.0), ('Two Sisters', 7.284463786704802, 4.5), ('Pizza Taglio', 7.380183165348774, 4.5), ('Bird On The Run', 7.4180432322174825, 4.5)]"
451,2020-02-23 16:08, (325 Spahr St(Shadyside)),40.457056;-79.927771,"AUGUST,4br/2Bath,Just off Walnut/Ellsworth, Rents Fast!",4,1600.0,https://pittsburgh.craigslist.org/apa/d/pittsburgh-august4br-2bathjust-off/7072532017.html,2340,40.457056,-79.92777099999999,3016.0,1135.0,225.0,8643.0,1970.0,665.0,POINT (191597820.9960693 -19870498.37961891),"('Fifth Avenue at Maryland Avenue', 'AB', 4.450561084225637)","[('Con Alma', 0.7453460976361992, 4.5), ('Cafe Zinho', 0.9964614351274531, 4.0), ('The Twisted Frenchman', 3.669037600323924, 4.5), ('Garbarinos', 3.676299995469455, 4.0), ('Senyai Thai Kitchen', 4.0811406699019335, 4.5)]"
